simulation_id,timestamp,execution_time,num_obstacles,goal_reached,goal_reach_time,position_check_success_rate,min_distance_achieved,avg_distance,close_calls_5cm,safety_violations_2cm,total_distance_traveled,path_efficiency_ratio,total_curvature,trajectory_smoothness,max_curvature,overall_max_velocity,overall_avg_velocity,target_distance_from_base,execution_efficiency,danger_zone_percentage,warning_zone_percentage,safety_score,collision_count,absolute_min_distance,had_collision
8,2025-09-26T11:26:29.284846,20.0,3,False,,1.0,0.06149126076154104,0.0636406394555176,0,0,0.030506634717152852,2.0411672757333545,980093.7295418889,2456.3752620097475,937102.4757512946,0.4993989817411888,0.010248635564977859,0.48216247357587927,,100.0,100.0,0,0,0.06149126076154104,False
9,2025-09-26T11:27:28.252763,20.0,5,False,,1.0,0.0013866273620935438,0.03487586025128834,356,35,3.996762438979021,47.058457945626735,46744.368974234705,117.15380695296926,3819.8265316690236,2.899667876073273,0.32068053988178813,0.9849093709914652,,100.0,100.0,0,8,0.0013866273620935438,True
25,2025-09-26T11:39:19.088574,20.0,4,False,,1.0,0.03588148722232809,0.0640745811180981,14,0,0.9893524722347944,10.367785340140912,32883.510128326016,82.41481235169425,11172.191095238986,0.7307023645277978,0.03011790938755817,0.7635253823415507,,100.0,99.00249376558602,0,0,0.03588148722232809,False
27,2025-09-26T11:40:45.094131,20.0,4,False,,1.0,0.0004017203313876513,0.04526538778810307,245,22,4.720982654257222,26.787290284418113,24356.043571847193,61.04271571891529,1531.0690763488037,5.260000005999448,0.1647701454527758,0.6932242847412321,,100.0,99.50124688279301,0,11,0.0004017203313876513,True
34,2025-09-26T11:45:39.884012,20.0,3,False,,1.0,0.01896599758100408,0.048822626931679304,216,1,3.915641965930205,13.86862037307418,26990.23093780118,67.64468906717087,957.3860812005557,1.132789711828978,0.13645850618061786,0.8109628010497362,,100.0,98.25436408977556,0,0,0.01896599758100408,False
38,2025-09-26T11:48:28.350511,20.0,5,False,,1.0,0.057673101645920065,0.05845740367663317,0,0,0.11606993248674422,1.3919157620026366,415673.5145266102,1041.7882569589226,53604.82488449182,0.508446547959344,0.00680716772635068,0.7685234820618001,,100.0,100.0,0,0,0.057673101645920065,False
41,2025-09-26T11:50:36.222338,20.0,2,False,,1.0,0.13085974676962428,0.1308597468232172,0,0,1.0999574126937291e-08,1.0000000000174383,0.0,0.0,0.0,6.0962142001130815e-09,1.63928734850746e-09,0.7755151640159503,,100.0,0.0,0,0,0.13085974676962428,False
45,2025-09-26T11:53:29.280091,20.0,2,False,,1.0,0.030547358676398184,0.03563592463666497,376,0,0.20625166029567213,1.7028761173434883,759024.0542351301,1902.3159254013285,584700.9883578249,0.6803592544645406,0.01957955844671437,1.0907919728787971,,100.0,100.0,0,0,0.030547358676398184,False
46,2025-09-26T11:54:11.632385,20.0,6,False,,1.0,0.04813747068809138,0.061622066136659354,3,0,0.27128575243822056,3.535672562590573,28955.97038316789,72.57135434377916,11956.651324303135,0.8578299292931436,0.011771747159213529,0.7546761384317747,,100.0,100.0,0,0,0.04813747068809138,False
47,2025-09-26T11:54:53.916147,20.0,2,False,,1.0,0.005800287490319499,0.04604383624094203,387,8,0.8004674015568347,1.8940728388770889,267283.46816689335,669.8833788643942,18139.277085153615,1.2291501021904552,0.05086236622212788,1.0470554731686672,,100.0,100.0,0,2,0.005800287490319499,True
53,2025-09-26T11:59:10.172177,20.0,5,False,,1.0,0.009700012646298554,0.04995063123662053,201,32,6.096315839209135,13.44951160939286,13886.224271595864,34.802567096731494,453.9561423795275,1.172220009297447,0.2085232093213569,0.8392834476780621,,100.0,100.0,0,2,0.009700012646298554,True
57,2025-09-26T12:02:07.227411,20.0,3,False,,1.0,0.1575982561173133,0.15759838811740176,0,0,2.2208866688815392e-05,1.0000000002691913,0.0,0.0,0.0,5.807090141300708e-06,1.0049926177885645e-06,0.8914151091778315,,100.0,0.0,0,0,0.1575982561173133,False
61,2025-09-26T12:05:03.183073,20.0,5,False,,1.0,0.04417681433144226,0.061401334940397116,3,0,0.28685189355101975,1.910946023340248,103527.76421171508,259.46808073111544,69994.65038226162,1.0497411705383681,0.014039986259293587,1.0044989108159461,,100.0,100.0,0,0,0.04417681433144226,False
64,2025-09-26T12:07:14.814138,20.0,6,False,,1.0,0.07056876008605124,0.07176076489550871,0,0,0.046880177269644344,2.1208119115453603,91931.63561369298,230.40510178870423,7678.552498694735,0.36770780916877766,0.0027037282602298623,0.7265531121944302,,100.0,100.0,0,0,0.07056876008605124,False
71,2025-09-26T12:12:18.637994,20.0,5,False,,1.0,0.044740526796415166,0.053302636910333025,9,0,0.13221772652727756,3.2290354739058875,217246.40239234036,544.4771989782967,197533.2941741512,0.7547562683182013,0.004192477650494363,0.8375715988648825,,100.0,100.0,0,0,0.044740526796415166,False
73,2025-09-26T12:13:46.702832,20.0,4,False,,1.0,0.05123340304176305,0.0533341033393539,0,0,0.17716863762201193,1.059096278494781,2495372.786312247,6254.067133614654,170038.00171038092,0.6867319254349753,0.021459562071981953,1.1242211574555425,,100.0,100.0,0,0,0.05123340304176305,False
74,2025-09-26T12:14:32.818331,20.0,3,False,,1.0,0.02177597884312958,0.023299667118316308,401,0,0.17151861211339595,1.1214705784062415,2055961.5148929427,5152.7857516113845,132363.71460761965,1.0715291159276252,0.01959262812798543,0.8915204794869863,,100.0,100.0,0,0,0.02177597884312958,False
90,2025-09-26T12:26:24.264292,20.0,5,False,,1.0,0.04225482121297483,0.04551954577168772,359,0,0.1536887516220792,1.013781511187215,481017.2824273675,1205.557098815457,33721.5351154753,0.5922010980054889,0.017196101620635094,1.073487822865253,,100.0,100.0,0,0,0.04225482121297483,False
91,2025-09-26T12:27:33.250252,20.0,0,False,,1.0,0.27496091119656907,0.274960911196569,0,0,0.001038354749407868,1.0000007497143697,207.57327560207517,0.5202337734387846,2.8440473546548137,0.004391885058007319,1.7380195228016614e-05,0.7175722582478743,,100.0,0.0,0,0,0.27496091119656907,False
97,2025-09-26T12:31:59.296328,20.0,3,False,,1.0,0.049483997104296885,0.051735853299581615,122,0,0.27596001130841014,1.7925926763224853,2264890.5528726145,5676.4174257459,1304718.0121009923,1.036629434555831,0.027050293312416235,0.8121739649577766,,100.0,100.0,0,0,0.049483997104296885,False
107,2025-09-26T12:39:55.634497,20.0,2,False,,1.0,0.03067802772297083,0.04336951625949753,401,0,0.18061585756228898,1.0813562084378803,920464.3240722808,2306.92813050697,101837.35990104235,1.1035599324390521,0.01761748892779243,0.9456262783729916,,100.0,100.0,0,0,0.03067802772297083,False
111,2025-09-26T12:43:18.251298,20.0,5,False,,1.0,0.0,0.05355959561325376,176,84,9.488336265274746,24.202535281288565,8024.390281726731,20.111253838914124,227.57308825486862,1.5499045948523062,0.12891122835374355,0.6753121525913548,,100.0,92.26932668329178,0,38,0.0,True
114,2025-09-26T12:45:34.838163,20.0,5,False,,1.0,0.002149719700063809,0.05023465491350333,268,32,6.168235208132033,5.732760763911567,63755.720732696594,159.7887737661569,3212.7666131920932,1.582905372492524,0.07848896478127595,0.39810592212455437,,100.0,86.0349127182045,0,11,0.002149719700063809,True
121,2025-09-26T12:50:57.432128,20.0,5,False,,1.0,0.03635829698861994,0.04938378526579208,222,0,4.021709147891353,187.6133856697813,39437.42394642836,98.84066151987054,1018.6804200205061,0.7827924650106755,0.17182085666633556,0.7967271592356758,,100.0,100.0,0,0,0.03635829698861994,False
122,2025-09-26T12:51:43.865485,20.0,3,False,,1.0,0.16102522592781443,0.16102523390289245,0,0,4.343314773416209e-05,1.0000229818389823,44.81477154548317,0.11231772317163702,5.7459184568910775,0.00037686396712688364,1.361780745735957e-06,0.7893379729330834,,100.0,0.0,0,0,0.16102522592781443,False
126,2025-09-26T12:55:05.141770,20.0,6,False,,1.0,0.30660403340434683,0.3066308958231355,0,0,0.0002918844559265159,1.0000001313410267,66.45411226516696,0.16655165981244854,1.508274350967496,0.00042720457437825377,2.6999130448746014e-06,0.8238707938467305,,100.0,0.0,0,0,0.30660403340434683,False
131,2025-09-26T12:58:53.345849,20.0,4,False,,1.0,0.0006317575209485906,0.006680365208872938,399,393,1.1659820985786005,1.2001403984952876,5266322.465219077,13198.803170975134,781145.7224258679,5.2600000009760555,0.020455769547018974,0.7287667855024532,,100.0,100.0,0,388,0.0006317575209485906,True
136,2025-09-26T13:02:45.318821,20.0,2,False,,1.0,0.025743233516912118,0.029235816260915534,401,0,0.2768879423946862,1.2836201397601985,38508.88732400133,96.51350206516625,3016.798337799105,1.1362195789621583,0.040006081190580925,0.8115335248080926,,100.0,100.0,0,0,0.025743233516912118,False
139,2025-09-26T13:05:02.828819,20.0,3,False,,1.0,0.024961162196646614,0.05699396788855026,139,0,2.6659395871993747,5.8863264872585885,41320.27624965252,103.55958959812664,791.5894251707193,1.17624853668929,0.13909750358954814,1.1192245376385608,,100.0,98.00498753117208,0,0,0.024961162196646614,False
140,2025-09-26T13:07:52.811597,20.0,2,False,,1.0,0.004810973783761722,0.01867841574488015,388,367,0.5678187681211819,1.831348117075267,1801848.4593401651,4515.9109256645725,197532.74699352492,1.104507239470255,0.03507438338483878,0.8315532593160291,,100.0,100.0,0,5,0.004810973783761722,True
143,2025-09-26T13:10:12.150559,20.0,6,False,,1.0,0.008349675512905694,0.03588897426010434,400,4,1.5567197576526794,10.439956667886225,17787.630932432952,44.58052865271419,1254.2177129019753,1.7333946641244593,0.06874220680910906,0.8417615596751941,,100.0,100.0,0,2,0.008349675512905694,True
151,2025-09-26T13:16:30.376523,20.0,5,False,,1.0,0.02518043047461996,0.05445254000092568,127,0,4.881655057240738,48.62133529043122,20187.835187964654,50.596078165324954,434.1915302758872,1.1288205935580773,0.14922794545943677,0.7863182524143619,,100.0,100.0,0,0,0.02518043047461996,False
154,2025-09-26T13:18:58.686601,20.0,6,False,,1.0,0.04795593221372799,0.05051863859307403,335,0,0.1497928670352188,1.0459795744428686,2358720.4871729966,5911.580168353376,149874.97914972692,0.6113904403870468,0.013693772839760863,1.1065990600155713,,100.0,100.0,0,0,0.04795593221372799,False
155,2025-09-26T13:19:47.845455,20.0,6,False,,1.0,0.03642918318020925,0.050156604812801694,52,0,0.4250264155440178,17.231891785300693,88811.26425173247,222.58462218479312,31991.4937636256,0.6446916228488038,0.016513842693812276,0.7927181416897069,,100.0,100.0,0,0,0.03642918318020925,False
158,2025-09-26T13:22:08.500979,20.0,2,False,,1.0,0.28060955955788935,0.2806095595578894,0,0,7.096776422498583e-05,1.000013279981241,75.70792637731738,0.18974417638425403,5.4514847781587585,0.0005465413496006377,1.8898359801525739e-06,0.4391721761582942,,100.0,0.0,0,0,0.28060955955788935,False
159,2025-09-26T13:22:56.466035,20.0,6,False,,1.0,0.02627026166235392,0.06439299147406095,125,0,4.596803950455353,54.44137418985811,22998.679210703223,57.64080002682507,771.0094733522603,1.122899171703403,0.20017320620710033,0.5225767997702706,,100.0,99.00249376558602,0,0,0.02627026166235392,False
163,2025-09-26T13:26:05.725695,20.0,6,False,,1.0,0.026597404592705983,0.03532610679932115,401,0,0.2394806542148981,1.8406796478723544,3319872.6463056477,8320.482822821172,516613.7857106124,1.0864060916779281,0.01988856668878701,0.8805260997216696,,100.0,100.0,0,0,0.026597404592705983,False
166,2025-09-26T13:28:29.524941,20.0,3,False,,1.0,0.054580198895793554,0.05626694608188797,0,0,0.013914491452130938,3.4115098796960717,342485.6142734332,858.359935522389,27757.52959317059,0.09627042278187678,0.0005119938819291508,0.6819022415891277,,100.0,100.0,0,0,0.054580198895793554,False
169,2025-09-26T13:30:49.554266,20.0,4,False,,1.0,0.04542186873953725,0.06071601479285173,2,0,0.2219886771905023,2.292504526184208,15144.68278341802,37.95659845468177,1830.0425704005381,1.1083424647001412,0.011595906034955345,0.8661595666326204,,100.0,100.0,0,0,0.04542186873953725,False
174,2025-09-26T13:34:53.212388,20.0,4,False,,1.0,0.012551164518536771,0.015284827842679895,401,379,0.23092531289546187,1.260887002855216,469741.5520609049,1177.2971229596617,21245.585447611753,0.7411610900514312,0.02458451483663613,0.8886041155287403,,100.0,100.0,0,0,0.012551164518536771,False
177,2025-09-26T13:37:17.162117,20.0,5,False,,1.0,0.023737609482927233,0.0489606713400734,219,0,5.60977710373891,14.739297091331963,17451.477206345913,43.73803811114265,549.2993728862477,1.1391834168887793,0.22804731466495856,0.8488921865563933,,100.0,100.0,0,0,0.023737609482927233,False
181,2025-09-26T13:40:29.978084,20.0,4,False,,1.0,0.023618753950918878,0.03656426560854307,401,0,0.16678791232395632,1.1928127078844606,1513480.9208085092,3793.1852651842337,49159.018658779,1.2269351723425324,0.029380198864243773,0.61237835762107,,100.0,100.0,0,0,0.023618753950918878,False
187,2025-09-26T13:45:35.778142,20.0,3,False,,1.0,0.028127205642745744,0.05634023442538235,38,0,0.17588254970253156,1.0421432847302383,2547086.8660103036,6383.676355915547,435880.10783915204,0.6797027780298608,0.024076765184078218,1.1265109298629898,,100.0,100.0,0,0,0.028127205642745744,False
188,2025-09-26T13:46:23.088363,20.0,6,False,,1.0,0.012031796268279164,0.05520198422785404,186,28,5.575186504128375,18.340191085923298,15725.515635578035,39.41231988866679,897.1621750441419,1.1421687941003382,0.23720498483172112,0.8476555221175244,,100.0,97.2568578553616,0,0,0.012031796268279164,False
190,2025-09-26T13:47:58.400270,20.0,5,False,,1.0,0.03569227136791437,0.05995016895185696,8,0,0.3385734904844203,6.476953169373462,108606.3164572484,272.19628184774035,75566.93557912367,1.103985987655221,0.010694275785415885,0.916935338978425,,100.0,100.0,0,0,0.03569227136791437,False
196,2025-09-26T13:52:42.893406,20.0,2,False,,1.0,0.033253894414797425,0.03809264451964085,396,0,0.15582949948639202,1.1058731004115838,4880528.051908949,12231.899879471053,594808.1518585258,1.1363017154369293,0.02489575145939111,0.8627658146706024,,100.0,100.0,0,0,0.033253894414797425,False
198,2025-09-26T13:54:21.465665,20.0,5,False,,1.0,0.01649566755690066,0.021429411513808616,401,150,1.5841832910380436,6.266643580534263,84854.43298861047,212.6677518511539,1271.0154134923862,1.3993887556579965,0.25687045461571356,0.78804584539157,,100.0,100.0,0,0,0.01649566755690066,False
200,2025-09-26T13:55:58.547682,20.0,5,False,,1.0,0.02499279558917519,0.05687710168740265,8,0,0.32310346104865983,1.8244782051678265,206999.671050895,518.7961680473561,8436.786682262999,1.7030349426816063,0.02163891803243948,0.7462932275226549,,100.0,100.0,0,0,0.02499279558917519,False
204,2025-09-26T13:59:11.252813,20.0,6,False,,1.0,3.4332275390625e-05,0.05082181961373529,160,6,4.41154721158367,22.225087789423768,27290.709538869036,68.39776826784215,827.383748250282,1.2040570527804406,0.13763120720987895,0.8822590376359365,,100.0,99.25187032418953,0,2,3.4332275390625e-05,True
210,2025-09-26T14:04:06.289499,20.0,3,False,,1.0,0.0218155561261354,0.054407455067816135,167,0,4.641999839279103,150.82849875618453,24395.20793666621,61.14087202171981,1012.9060940225861,0.8235152227949808,0.15590367017587592,0.7970863972723387,,100.0,100.0,0,0,0.0218155561261354,False
221,2025-09-26T14:13:08.255626,20.0,6,False,,1.0,0.02681236081286167,0.03680462010987319,401,0,0.1206140265766829,1.1996456650716316,14709245.439956276,36865.27679187036,1179736.9337172743,1.0119980620701723,0.01584474161143807,0.7576935526488425,,100.0,100.0,0,0,0.02681236081286167,False
228,2025-09-26T14:19:07.014116,20.0,5,False,,1.0,0.016046384157422156,0.018131205643925206,401,357,0.12799576183391212,1.0563832656184877,1991466.0449619587,4991.1429698294705,250389.27873083338,0.7421991466153013,0.014140380811142947,1.1109449875176947,,100.0,100.0,0,0,0.016046384157422156,False
235,2025-09-26T14:24:50.478153,20.0,2,False,,1.0,0.05560224007385421,0.06995079967885857,0,0,0.12461758628554485,1.458937387549574,2479695.635319517,6214.776028369717,191127.44191597248,0.37654693522684635,0.004503045710240078,0.6457417270746746,,100.0,100.0,0,0,0.05560224007385421,False
236,2025-09-26T14:25:39.655208,20.0,2,False,,1.0,0.002756690262511124,0.024012949823841254,397,154,4.7518073330340105,66.6448411394784,50018.30281855497,125.35915493372167,2300.7546524250083,0.9387967809931329,0.05715292906037073,0.9041999496207572,,100.0,100.0,0,20,0.002756690262511124,True
238,2025-09-26T14:27:17.464136,20.0,6,False,,1.0,0.05367457054582782,0.05435356157408133,0,0,0.06302320969437541,1.2889850939326415,341212.1346770711,855.1682573360179,55603.92952192979,0.20437927394936095,0.004689215723724947,0.7005355112132178,,100.0,100.0,0,0,0.05367457054582782,False
239,2025-09-26T14:28:06.530026,20.0,2,False,,1.0,0.06630495998592945,0.06630495998592945,0,0,0.0,,0.0,0.0,0.0,0.25412391680124186,0.049103269532791566,0.9487100348021013,,100.0,100.0,0,0,0.06630495998592945,False
241,2025-09-26T14:32:52.861371,20.0,2,False,,1.0,0.034974438071934816,0.06925599161998736,17,0,0.6048771956875305,8.701610527312493,57529.60554906769,144.18447506032007,16375.717750539068,0.45933236444219133,0.01740145199740271,0.7106941577515723,,100.0,100.0,0,0,0.034974438071934816,False
244,2025-09-26T14:35:44.756776,20.0,5,False,,1.0,0.0008615982745146984,0.054016923004340175,216,51,8.500616363784655,43.11084629464505,10223.791981728538,25.623538801324653,273.39226257480334,3.7240788078133646,0.3939736119785149,0.9804139093148116,,100.0,89.77556109725685,0,11,0.0008615982745146984,True
246,2025-09-26T14:37:22.733652,20.0,5,False,,1.0,0.04005448959377461,0.04165885308960093,401,0,0.12735697108388036,1.0039380644455906,2181307.993178703,5466.937326262412,243900.5283189239,0.34362442528010434,0.01106558639715695,1.0643218989798995,,100.0,100.0,0,0,0.04005448959377461,False
250,2025-09-26T14:40:43.822430,20.0,3,False,,1.0,0.010648457980361263,0.022687013477550862,396,140,2.7908329294998713,10.730681619153803,46600.37679276448,116.79292429264282,1304.0362737206658,1.1085978586986849,0.15513439445156424,0.7980253613482493,,100.0,100.0,0,0,0.010648457980361263,False
256,2025-09-26T14:45:48.744459,20.0,5,False,,1.0,0.02385285938097028,0.024064328951167887,401,0,0.0003393990276734661,1.0188484385410117,579434.7145457846,1452.2173296886826,192600.74795780945,0.0010959046245657689,1.2648542930271806e-05,0.624944847798459,,100.0,100.0,0,0,0.02385285938097028,False
258,2025-09-26T14:47:30.506493,20.0,5,False,,1.0,0.03304563462145273,0.0340116133087692,401,0,0.16042115249619623,1.0677918892441909,164957.22916450363,413.42663951003414,33294.382198517014,0.686079965201558,0.014345864512317468,0.8693187009000055,,100.0,100.0,0,0,0.03304563462145273,False
264,2025-09-26T14:52:53.506174,20.0,4,False,,1.0,0.030619608494597675,0.04778330478299121,192,0,3.1421175417243843,36.98412182148584,60060.49544280949,150.5275575007756,1572.1263031558208,0.8171266063343169,0.16392128681167625,0.8519928307949827,,100.0,100.0,0,0,0.030619608494597675,False
268,2025-09-26T14:56:20.062754,20.0,4,False,,1.0,0.022469966208629615,0.023604199432767363,401,0,0.16670393922527535,1.2776614261942094,5265002.920426568,13195.496041169346,1048708.7968788403,0.8383379730497269,0.015154862518925383,0.9110192053547274,,100.0,100.0,0,0,0.022469966208629615,False
269,2025-09-26T14:57:10.472210,20.0,4,False,,1.0,0.04565544218885852,0.05980819080674048,2,0,0.147414752888512,1.0318138880761296,2815494.394484219,7056.376928531877,567206.5627539092,1.0614054243209075,0.016099693708876584,0.8808123180920059,,100.0,100.0,0,0,0.04565544218885852,False
272,2025-09-26T14:59:45.574801,20.0,3,False,,1.0,0.006847981861226605,0.039589987107769835,313,84,3.616377480912046,22.737324809663573,53150.44918453908,133.20914582591243,5794.850903137341,1.5963589440142054,0.20156324015489627,0.929374607850181,,100.0,98.75311720698254,0,28,0.006847981861226605,True
274,2025-09-26T15:01:26.596423,20.0,4,False,,1.0,0.16863323634316033,0.16863323634316038,0,0,0.0002639002924010215,1.0000098818576577,166.28704683414963,0.4167595158750619,4.061043208544651,0.0009109321890160421,6.1369596810451244e-06,0.8159823201159252,,100.0,0.0,0,0,0.16863323634316033,False
286,2025-09-26T15:11:51.794186,20.0,5,False,,1.0,0.00011854722157038085,0.027188563629040954,337,187,17.060555884687922,138.1575842032719,8688.490673165044,21.77566584753143,509.51242462461977,2.779815728096448,0.21983028449300246,0.5672520440670399,,100.0,99.75062344139651,0,127,0.00011854722157038085,True
287,2025-09-26T15:12:42.780154,20.0,4,False,,1.0,0.040458504786781896,0.05710323666328431,23,0,0.43973750504355585,8.344333464512912,32713.999960842484,81.98997483920424,4412.173535528152,0.7606876551772814,0.015424224953586873,0.8165745972843229,,100.0,100.0,0,0,0.040458504786781896,False
289,2025-09-26T15:14:24.951688,20.0,2,False,,1.0,0.03491820466627278,0.0469014805696583,401,0,0.16108945744719147,1.0592435236976876,5853645.337627819,14670.790319869226,968019.3802846863,1.1422449237239765,0.020957109581479807,0.5936497100117883,,100.0,100.0,0,0,0.03491820466627278,False
290,2025-09-26T15:15:17.055770,20.0,5,False,,1.0,0.01232110626288087,0.016054454496660417,401,381,0.46296791674475246,4.389671012463252,588612.9319482401,1475.2203808226554,23139.239089238858,0.7609442829900455,0.015941502657349147,0.8921926410829778,,100.0,100.0,0,0,0.01232110626288087,False
296,2025-09-26T15:20:34.251494,20.0,0,False,,1.0,0.13802798069352915,0.13802798069352915,0,0,0.059024649253702814,6.743075211557877,2183138.4748845017,5471.52499971053,90830.03571164903,2.205720517591745,0.05683994899230367,0.43556260266422453,,100.0,0.0,0,0,0.13802798069352915,False
297,2025-09-26T15:21:25.670038,20.0,6,False,,1.0,0.0331654134714852,0.0537014738061862,45,0,0.6798871565238885,6.767354535158768,119264.64675303006,298.90888910533846,67057.24864071456,0.5828191536777771,0.02452287035671978,0.5186683106017506,,100.0,100.0,0,0,0.0331654134714852,False
298,2025-09-26T15:22:16.592279,20.0,6,False,,1.0,0.019100305161921485,0.052663571703198034,62,1,1.4869870009907526,9.01470851653683,50341.02165508958,126.16797407290625,13725.21106239153,1.4402098741444251,0.06298027277030824,0.9704487124252611,,100.0,100.0,0,0,0.019100305161921485,False
301,2025-09-26T15:24:52.664216,20.0,5,False,,1.0,1.239389693882829e-05,0.048564190207697394,292,272,5.4261302057344185,53.187581947720076,68174.06800283026,170.86232582162972,36537.60758537866,5.260000000628553,0.09304010861048281,0.95614384129925,,100.0,77.55610972568579,0,58,1.239389693882829e-05,True
306,2025-09-26T15:29:28.517164,20.0,2,False,,1.0,0.0480673326517322,0.05431588816960839,3,0,0.4028012714414681,1.2877257421784902,249866.0586578162,626.2307234531733,35395.93441209935,0.5014740284513111,0.033167231662373974,0.7542305111729533,,100.0,100.0,0,0,0.0480673326517322,False
315,2025-09-26T15:37:33.591294,20.0,0,False,,1.0,0.02313708540713014,0.02313708540713014,401,0,0.0006611259951362995,1.0728532099901336,12441618.298977097,31182.00074931603,1040463.6452587709,0.006952588267731041,9.353792387591144e-05,0.36437723235169733,,100.0,100.0,0,0,0.02313708540713014,False
324,2025-09-26T15:45:18.548999,20.0,4,False,,1.0,0.028799191822988148,0.03010917074860433,401,0,0.10870942464162286,1.1640453883094262,2960517.5911103417,7419.84358674271,314715.1571477066,1.2456038250554549,0.013466168634745593,0.9202848810536215,,100.0,100.0,0,0,0.028799191822988148,False
325,2025-09-26T15:46:14.119973,20.0,3,False,,1.0,0.026946397206078047,0.03568603231355837,401,0,0.2136663467325623,1.1258794048370295,315904.7996816627,791.7413525856208,10628.23834420463,1.3954889667372183,0.03086421202175889,0.7228502921870686,,100.0,100.0,0,0,0.026946397206078047,False
328,2025-09-26T15:48:54.588109,20.0,2,False,,1.0,0.04258940099133737,0.0597418733843584,3,0,0.27166983271148415,5.1863870697720245,5067111.553737705,12699.527703603268,131466.6122292787,0.5206515213687399,0.012904836148641255,0.8315913152693166,,100.0,100.0,0,0,0.04258940099133737,False
335,2025-09-26T15:55:06.260651,20.0,5,False,,1.0,0.003825653490755759,0.004557522850927548,401,401,0.003550275765892976,1.0007297498892442,189125.41521686822,473.99853437811583,37144.60465137762,0.11202831422165604,0.0004306619195216563,0.9128271589337789,,100.0,100.0,0,401,0.003825653490755759,True
339,2025-09-26T15:58:49.322643,20.0,0,False,,1.0,0.2732902885118675,0.2732902885118675,0,0,0.0019317885098110298,1.0000011901365093,260.26408863123254,0.6522909489504574,2.896029612704555,0.0036717572735392376,3.2269279106199075e-05,0.8623034911470843,,100.0,0.0,0,0,0.2732902885118675,False
351,2025-09-26T16:09:53.224121,20.0,4,False,,1.0,0.200218584541247,0.20021858923557215,0,0,1.1018612366337377e-08,1.0000000000140417,0.0,0.0,0.0,5.876093389645121e-09,1.1765444842275543e-09,0.7055935571449584,,100.0,0.0,0,0,0.200218584541247,False
352,2025-09-26T16:10:47.953259,20.0,4,False,,1.0,0.0006168019745126497,0.029260587070022537,401,23,0.5499779774192293,3.6980257674823998,1796959.6222981014,4503.658201248376,78738.37223430013,1.6665470082165397,0.05231119757544018,0.634814158513446,,100.0,100.0,0,12,0.0006168019745126497,True
353,2025-09-26T16:11:42.595157,20.0,5,False,,1.0,0.19741925732576154,0.19766450465527205,0,0,0.5993240666664642,2.402725868084188,189065.97698131783,473.8495663692177,57329.793276146665,2.1483792788759817,0.046528827200894164,0.66052576561894,,100.0,0.0,0,0,0.19741925732576154,False
354,2025-09-26T16:12:36.325322,20.0,6,False,,1.0,0.07591110079170893,0.0760739801850875,0,0,0.0026841862830670584,1.082599135758171,3205133.309949934,8032.915563784297,132936.9317478329,0.24003189707622097,9.865507041952085e-05,0.8169447903743964,,100.0,100.0,0,0,0.07591110079170893,False
358,2025-09-26T16:16:09.253140,20.0,6,False,,1.0,0.03275648726827056,0.034335737103181135,387,0,0.11808080107311678,1.02550349981763,1739823.2580821852,4360.45929343906,101790.69006580718,0.3872068451306181,0.005679014647910057,0.7429839073134198,,100.0,100.0,0,0,0.03275648726827056,False
360,2025-09-26T16:17:56.282917,20.0,6,False,,1.0,9.490881787293713e-05,0.011193087901255025,401,401,0.6444587849527155,4.332210729576524,853557.4309886371,2139.2416816757823,28441.374382056107,5.260000006417308,0.24511590223191365,0.9341958551205152,,100.0,100.0,0,34,9.490881787293713e-05,True
363,2025-09-26T16:20:41.114488,20.0,5,False,,1.0,0.0005318080668885849,0.022207516247894098,379,354,1.0372414044645126,1.8819572550161583,7663490.398703381,19206.742853893185,156210.6335507377,1.1981787651977838,0.05054865650897711,1.102376253692929,,100.0,99.75062344139651,0,10,0.0005318080668885849,True
364,2025-09-26T16:21:36.534154,20.0,5,False,,1.0,0.03182040496100583,0.03648170983546897,388,0,0.12474091493800077,1.2063198326369942,3296603.5486037536,8262.164282214924,254917.77130189232,0.6994074732104553,0.015009407395721503,1.1818932968739613,,100.0,100.0,0,0,0.03182040496100583,False
365,2025-09-26T16:22:30.994619,20.0,5,False,,1.0,0.0,0.005267793900492988,400,395,10.910441538953355,30.404840843408056,17177.649965926612,43.05175430056796,798.435917939201,5.2600000059166305,0.24939239899250165,0.701327244457306,,100.0,100.0,0,346,0.0,True
369,2025-09-26T16:26:05.784269,20.0,5,False,,1.0,4.683059218906232e-05,0.056146059697060435,153,23,4.354135732829309,15.158873124579044,26897.927523997227,67.4133521904692,827.5072039007904,3.78680661021445,0.17362368990637395,0.6825879758908333,,100.0,99.50124688279301,0,17,4.683059218906232e-05,True
372,2025-09-26T16:28:50.404232,20.0,6,False,,1.0,0.009984162618628804,0.06495295835540522,113,9,5.356778552749507,61.53320454426223,15215.216369857126,38.13337436054417,457.7174588482898,1.4432705204889633,0.20378813182320357,0.6252691452027106,,100.0,93.76558603491272,0,1,0.009984162618628804,True
378,2025-09-26T16:34:18.970856,20.0,5,False,,1.0,0.04185120359737197,0.04237954148067497,397,0,0.06178553550787525,1.0087563450782562,157277.03642683532,394.1780361574819,13569.956096474567,0.290280027012303,0.0027240840745852623,0.66752454360634,,100.0,100.0,0,0,0.04185120359737197,False
382,2025-09-26T16:37:58.301903,20.0,2,False,,1.0,0.004732105167228448,0.04430348742436897,225,108,4.6602480309114585,17.473588156798805,27991.681851334295,70.15459110610102,2817.889917878542,1.1158749405767108,0.1635283229035748,0.8209430947023443,,100.0,99.75062344139651,0,34,0.004732105167228448,True
387,2025-09-26T16:42:31.102013,20.0,5,False,,1.0,0.05619437485184868,0.06637531860675833,0,0,0.26574300062963074,1.5077727563374816,26001.026119967722,65.1654789974128,3292.6502124641893,0.797348234935742,0.014941346897423645,0.7491244764753231,,100.0,100.0,0,0,0.05619437485184868,False
388,2025-09-26T16:43:25.941401,20.0,5,False,,1.0,0.03716175763296517,0.03825151348022255,393,0,0.08075642255993623,1.0279460821558062,95068.18937248047,238.2661387781465,5106.390801272997,0.2414114276311998,0.0030163564537714896,0.691672648805122,,100.0,100.0,0,0,0.03716175763296517,False
389,2025-09-26T16:44:20.562911,20.0,5,False,,1.0,0.0027544364705018552,0.04972041667024701,218,99,4.70162735946367,16.563295818759364,19033.499890277355,47.7030072438029,590.5034987725886,1.1199414297991552,0.16919427860993824,0.8918196550019778,,100.0,94.76309226932669,0,38,0.0027544364705018552,True
390,2025-09-26T16:45:14.987345,20.0,4,False,,1.0,0.03483545841679496,0.03680904183002396,381,0,0.09888359790127846,1.0718285019978047,1025263.6287965297,2569.5830295652363,163101.38943733487,0.6731867800476676,0.011081989339847186,1.0074948084345574,,100.0,100.0,0,0,0.03483545841679496,False
392,2025-09-26T16:47:11.539724,20.0,6,False,,1.0,0.02212540538732621,0.029531235614877083,382,0,0.5301347808631588,1.361002725015554,447451.39952698135,1121.4320790149911,283654.1461860485,1.2398070994076629,0.025779019261427647,1.0331785882937603,,100.0,98.00498753117208,0,0,0.02212540538732621,False
397,2025-09-26T16:51:48.800397,20.0,2,False,,1.0,0.0023649261481821096,0.04671701890788268,237,40,5.480125992918982,14.982963684899678,19382.627697590066,48.57801427967434,554.8473334323121,1.2716214363459848,0.24082514350441467,1.1051571352154927,,100.0,99.00249376558602,0,9,0.0023649261481821096,True
403,2025-09-26T16:57:20.967433,20.0,5,False,,1.0,0.01923787586035267,0.042278334918551846,348,1,2.8994983954582936,8.143095928831004,41450.1912815353,103.88519118179283,1557.402913457161,1.1214313208109337,0.09707312024064002,1.0686542549783293,,100.0,100.0,0,0,0.01923787586035267,False
406,2025-09-26T17:00:07.795148,20.0,4,False,,1.0,0.012712493826313804,0.03838142959236192,322,15,5.377049382905701,12.839772007602928,16313.347801049375,40.88558346127664,434.0525141538622,1.1222663394829024,0.23354630985633448,0.916379927173704,,100.0,100.0,0,0,0.012712493826313804,False
407,2025-09-26T17:01:03.066594,20.0,5,False,,1.0,0.020176449630214192,0.06988269265497918,122,0,5.169944234024569,23.2950469461407,20485.61104234436,51.34238356477289,1630.0871483774242,1.8995538596622594,0.21855868489878078,0.681312800483556,,100.0,81.29675810473816,0,0,0.020176449630214192,False
413,2025-09-26T17:06:39.831040,20.0,2,False,,1.0,0.17670213662412068,0.21429924085228982,0,0,0.9488421156282049,1.1794317064122244,3982806.743274724,9981.971787655948,74552.15259711408,0.9331590426058087,0.03388143624823628,1.0961495119106073,,100.0,0.0,0,0,0.17670213662412068,False
414,2025-09-26T17:07:35.489224,20.0,3,False,,1.0,0.016658857943958404,0.01857832075167298,401,366,0.16737147888921763,1.5784311570890142,3897872.722438037,9769.104567513878,631557.8310400343,0.8873004705774912,0.0153869205436647,0.9838499318872618,,100.0,100.0,0,0,0.016658857943958404,False
417,2025-09-26T17:10:22.157703,20.0,6,False,,1.0,0.08076274544439152,0.0807627503518364,0,0,1.6043984969574097e-08,1.1781535012098527,0.0,0.0,0.0,7.61310300911866e-09,1.6616610891481886e-09,0.853493014486639,,100.0,100.0,0,0,0.08076274544439152,False
425,2025-09-26T17:20:28.677368,20.0,4,False,,1.0,0.060813129727049366,0.06591977206767247,0,0,0.07008790607524439,2.681858250129793,647625.1618835679,1623.1207064751081,125656.65544937037,0.3418534421409151,0.0033490059569482077,0.7376752167673167,,100.0,100.0,0,0,0.060813129727049366,False
428,2025-09-26T17:23:20.817135,20.0,6,False,,1.0,0.02045548871035778,0.022187529680278907,399,0,0.1427533159156322,1.3499583950129173,1019404.9100036762,2554.899523818737,106344.20946509474,0.678079899135888,0.014640966190281088,1.0832041865839115,,100.0,100.0,0,0,0.02045548871035778,False
433,2025-09-26T17:28:02.764385,20.0,6,False,,1.0,0.01906518015141389,0.019117152807013323,401,401,0.000184631893125829,1.0000224821752648,0.0,0.0,0.0,1.8517654375771464e-05,5.4880694933175995e-06,0.5985820804920984,,100.0,100.0,0,0,0.01906518015141389,False
434,2025-09-26T17:28:58.616002,20.0,2,False,,1.0,0.011112213583537246,0.014786884529783599,393,349,0.13930854473177334,1.2119895752011405,982970.3670470645,2463.5848798172037,101611.61752020252,0.6945245276915757,0.022513790504951704,0.814662808304785,,100.0,100.0,0,0,0.011112213583537246,False
435,2025-09-26T17:29:54.207087,20.0,4,False,,1.0,0.021440498053400942,0.05550077090378013,153,0,3.513608855113315,30.969509956617273,26891.25890584407,67.39663886176461,704.846789028098,0.8541447145672124,0.11683822755055716,0.6928155162726319,,100.0,100.0,0,0,0.021440498053400942,False
440,2025-09-26T17:34:40.162169,20.0,5,False,,1.0,0.009417806324958108,0.04658965273988492,238,17,4.32914992497811,27.42715071667542,27289.360868678188,68.39438814205062,1144.2402036534784,1.6228729368435295,0.28654291543306926,0.9594865840734182,,100.0,100.0,0,2,0.009417806324958108,True
451,2025-09-26T17:45:14.154536,20.0,6,False,,1.0,0.03442763415855002,0.03442767094461745,401,0,7.618433889751785e-07,1.0000000003515739,0.0,0.0,0.0,1.7566551242798045e-07,3.2054596873741857e-08,0.7356211856506288,,100.0,100.0,0,0,0.03442763415855002,False
452,2025-09-26T17:46:12.116605,20.0,3,False,,1.0,0.008485189220750583,0.05591759167225419,175,10,6.426931888130072,122.67105818514366,13354.079890733108,33.46887190659926,521.3258672732695,1.3740356762940236,0.23131954956488288,1.005522648146131,,100.0,98.50374064837905,0,1,0.008485189220750583,True
453,2025-09-26T17:47:08.215340,20.0,4,False,,1.0,0.0,0.015760485355265023,401,348,3.256331910959815,4.53355500508965,493702.1374964684,1237.3487155299963,306715.22096962645,1.3594459845909805,0.03973509478092884,0.8602529408144641,,100.0,100.0,0,99,0.0,True
457,2025-09-26T17:50:55.441082,20.0,5,False,,1.0,0.023231915501228623,0.058480081094654524,13,0,0.20446677052842196,3.1496325494201938,1801299.1423889047,4514.53419145089,1401830.1049739544,1.1070268337073583,0.012192874933587899,0.5188970291148021,,100.0,100.0,0,0,0.023231915501228623,False
459,2025-09-26T17:52:50.766175,20.0,3,False,,1.0,0.020068810317207662,0.021340766222300443,401,0,0.11720822629944948,1.0710936576171222,1101418.8826343177,2760.4483274043064,76146.76154453061,0.6920884952332265,0.007850947502777277,0.6718704818786316,,100.0,100.0,0,0,0.020068810317207662,False
460,2025-09-26T17:53:47.925875,20.0,3,False,,1.0,0.17473822569614839,0.1747382256961484,0,0,7.762755510364511e-07,1.0000000000281384,0.0,0.0,0.0,1.748301595872609e-07,3.190569203275027e-08,0.8698219537719641,,100.0,0.0,0,0,0.17473822569614839,False
466,2025-09-26T17:59:36.260131,20.0,5,False,,1.0,0.16050631493146525,0.16050638872713738,0,0,9.129829555352764e-07,1.0000000002000753,0.0,0.0,0.0,2.134288776094173e-07,3.9278617629270297e-08,1.0515255508311816,,100.0,0.0,0,0,0.16050631493146525,False
477,2025-09-26T18:10:26.674112,20.0,5,False,,1.0,0.05164013310382682,0.05701111834261006,0,0,0.11621894506412936,3.1142296979462634,71542.34651076577,179.30412659339794,47893.91007221734,0.48151210291345253,0.004246816901709825,0.8196626803434164,,100.0,100.0,0,0,0.05164013310382682,False
478,2025-09-26T18:11:27.258338,20.0,6,False,,1.0,5.725414936164439e-05,0.035886373666552625,291,98,9.205726231397339,85.11058721268058,10690.762454120491,26.793890862457353,533.3025515644852,3.4236005979784565,0.3520492444363621,1.0318811236387337,,100.0,100.0,0,37,5.725414936164439e-05,True
479,2025-09-26T18:12:23.923344,20.0,3,False,,1.0,0.027996109198531398,0.04442598036898747,347,0,1.6880908441421056,4.191205403914932,87366.38322607274,218.96336648138544,7775.349684695287,1.4698651873772017,0.0833403354768423,0.9957689044836029,,100.0,100.0,0,0,0.027996109198531398,False
482,2025-09-26T18:15:19.579172,20.0,4,False,,1.0,0.1816361861718037,0.18163618627383896,0,0,1.1015142834407232e-08,1.000000000015974,0.0,0.0,0.0,6.096191107474169e-09,1.6392761743099824e-09,0.7562721970584777,,100.0,0.0,0,0,0.1816361861718037,False
486,2025-09-26T18:19:33.849019,20.0,6,False,,1.0,0.010677366144010039,0.03607267443833783,399,5,0.36554959300513606,2.0026296951890505,2423516.9015680384,6073.9771969123785,395114.20768320566,1.2139236052854157,0.03993264435111675,0.5631427210429903,,100.0,100.0,0,0,0.010677366144010039,False
487,2025-09-26T18:20:33.812384,20.0,6,False,,1.0,0.00877773786747107,0.06649111921943313,151,39,5.604027635730498,41.19360872505755,14009.678399394385,35.11197593833177,325.68542078509563,0.8972614813113586,0.17615554553839316,0.8715874043421992,,100.0,75.06234413965088,0,3,0.00877773786747107,True
490,2025-09-26T18:23:26.650184,20.0,5,False,,1.0,0.056104600429535405,0.06178596150764162,0,0,0.04817008271641992,1.0966570482989086,42189.19099057409,105.7373207783812,1516.5550367821384,0.13360758239940543,0.0030459582132853036,0.5730986292644388,,100.0,100.0,0,0,0.056104600429535405,False
491,2025-09-26T18:24:24.804356,20.0,3,False,,1.0,0.0,0.00477741215838137,401,401,4.59618897839454,82.91179734874554,34742.82482362257,87.07474893138483,536.9529543053968,3.0596046789362084,0.26091469762436825,1.0940586956751956,,100.0,100.0,0,368,0.0,True
496,2025-09-26T18:29:16.170181,20.0,2,False,,1.0,0.049663649444608514,0.05159463079848058,2,0,0.18463477187228053,1.3865080368620022,735382.543812636,1843.0640195805415,193146.67695057704,0.6279953086548822,0.009609491980958866,0.8036220956445307,,100.0,100.0,0,0,0.049663649444608514,False
507,2025-09-26T18:40:10.072967,20.0,4,False,,1.0,0.03089860115345928,0.032163950724151104,398,0,0.10444842819187837,1.2552398627152002,667066.6198250435,1671.8461649750463,58320.18498317406,0.8603331677221542,0.012324576640782391,0.8824322092577148,,100.0,100.0,0,0,0.03089860115345928,False
510,2025-09-26T18:43:06.348317,20.0,4,False,,1.0,0.04441206170005334,0.06066713036730528,4,0,0.05679472324294933,1.2887229165888876,926505.9539786342,2322.070060096828,67968.66510625381,0.43062366678012065,0.002804980818344326,0.5939828345216903,,100.0,100.0,0,0,0.04441206170005334,False
526,2025-09-26T18:58:56.888810,20.0,6,False,,1.0,0.0010734754778376006,0.03082200081503596,348,111,5.864010939419388,11.895670573490618,49793.61037981485,124.79601598951088,3147.089366981364,3.278614169629385,0.32189813487067653,0.8650020770595162,,100.0,100.0,0,28,0.0010734754778376006,True
531,2025-09-26T19:03:53.753250,20.0,2,False,,1.0,0.15700743977879233,0.15706418291554536,0,0,0.00021462335769109297,1.0000051307503852,0.0,0.0,0.0,2.047600542065542e-05,6.121559084057601e-06,0.5598844636608447,,100.0,0.0,0,0,0.15700743977879233,False
536,2025-09-26T19:08:58.153186,20.0,6,False,,1.0,0.037054078975751754,0.054157795906556346,48,0,1.3955585621487598,9.589562728999828,66704.97086603355,167.1803781103598,22571.65818130874,1.0135585331941142,0.04897072186646504,0.6692621480487551,,100.0,100.0,0,0,0.037054078975751754,False
540,2025-09-26T19:13:01.301376,20.0,5,False,,1.0,0.014936330507785554,0.024978872548217367,398,3,0.3661873820359622,2.1297113525913516,1361038.6832543362,3411.1245194344274,286876.8415394774,1.1358969852507195,0.03994811768970319,0.8209218823040302,,100.0,100.0,0,0,0.014936330507785554,False
544,2025-09-26T19:17:05.769044,20.0,5,False,,1.0,0.04438084162849299,0.0647712223225308,3,0,0.2704726639333356,1.5879122239916057,29093.10967017342,72.91506183000858,5110.596124007518,0.771262761653188,0.013357616146142276,0.8226733415818357,,100.0,100.0,0,0,0.04438084162849299,False
546,2025-09-26T19:19:04.167427,20.0,4,False,,1.0,0.06818979856166342,0.06977489848877992,0,0,0.08855628225085066,1.4868502889019966,50266.76218478846,125.98186011225174,31831.65216794799,0.4286760590073059,0.004929471627807391,0.7017311611004181,,100.0,100.0,0,0,0.06818979856166342,False
547,2025-09-26T19:20:03.702893,20.0,6,False,,1.0,0.1519635666992265,0.15196359282421484,0,0,7.604930307450294e-07,1.0000000002408296,0.0,0.0,0.0,1.7450819600646483e-07,3.180402925792706e-08,0.9016136563065675,,100.0,0.0,0,0,0.1519635666992265,False
553,2025-09-26T19:26:07.621129,20.0,6,False,,1.0,0.011181808104783912,0.05657005552658957,146,5,5.34623508839854,21.21796909414355,14050.053470938192,35.21316659383005,564.1386014483463,1.3156034493353463,0.17396517613268864,0.7774401995382454,,100.0,98.75311720698254,0,0,0.011181808104783912,False
556,2025-09-26T19:29:11.805394,20.0,4,False,,1.0,0.05731426031058357,0.06077707238678246,0,0,0.15028364682674353,1.2419353245312794,8584.747159234457,21.515657040687863,3417.3745869509835,0.8417036884585647,0.007579685694410713,0.7203436893316482,,100.0,100.0,0,0,0.05731426031058357,False
560,2025-09-26T19:33:15.563440,20.0,6,False,,1.0,0.011546802431949514,0.048716011612295274,222,7,6.380298914288279,87.20550142375093,18878.439759336972,47.672827675093316,645.1935934517575,1.9431065007764963,0.30881356781210834,1.062264382678073,,100.0,98.99497487437185,0,0,0.011546802431949514,False
561,2025-09-26T19:34:16.146100,20.0,2,False,,1.0,0.04840331573486518,0.05909323640730188,3,0,0.11912467360362151,2.41026618550074,696365.2532673568,1745.276323978338,76258.29563243249,0.43590086892990926,0.004300243483120116,0.8280912883273964,,100.0,100.0,0,0,0.04840331573486518,False
562,2025-09-26T19:35:17.166569,20.0,6,False,,1.0,0.03882978050725029,0.04341570597120041,400,0,0.06301892565100413,1.0858093247042424,4121414.2341633085,10329.358982865433,268418.1453113099,0.466653045667127,0.004892462251381132,0.5090039892302357,,100.0,100.0,0,0,0.03882978050725029,False
564,2025-09-26T19:37:21.493316,20.0,6,False,,1.0,0.01811238617674186,0.05736118099503662,185,11,3.9716418032301757,55.60312431421961,26825.8075832531,67.2326004592809,2191.3415607573684,1.0810115479443776,0.17804819013526638,1.1374791674068951,,100.0,90.77306733167082,0,0,0.01811238617674186,False
576,2025-09-26T19:49:38.938901,20.0,4,False,,1.0,0.06434188055560215,0.06694315218611649,0,0,0.041507780893544774,3.5725738102243407,729601.5698364585,1828.5753629986432,48147.10648835358,0.22275081310015313,0.0015208765592121336,0.8350423553127525,,100.0,100.0,0,0,0.06434188055560215,False
584,2025-09-26T19:58:59.391457,20.0,5,False,,1.0,0.029105523914343196,0.03156461756495649,401,0,0.18654934257169167,1.2354199092200548,136196.94712737532,341.3457321488102,36629.60178365041,0.6164153017759577,0.015554644579125835,0.8231078273530594,,100.0,100.0,0,0,0.029105523914343196,False
603,2025-09-26T20:18:41.886164,20.0,6,False,,1.0,0.0061991762527632294,0.04882669418315692,215,32,4.376434270884317,11.186396640240758,22420.16269198931,56.19088393982283,1422.924148456396,2.6418873580957403,0.22116795021646796,0.890322618244029,,100.0,99.00249376558602,0,4,0.0061991762527632294,True
616,2025-09-26T20:32:18.733003,20.0,4,False,,1.0,0.025604763605270142,0.07197583317209753,103,0,5.141212031694926,34.21838710566315,18059.901744073784,45.26291163928267,707.6999234155411,1.7981839658208452,0.23058717081498822,0.6537671366682491,,100.0,79.80049875311721,0,0,0.025604763605270142,False
621,2025-09-26T20:37:31.048471,20.0,2,False,,1.0,0.2934858032984839,0.29348580329848384,0,0,0.12309979275508137,1.023721341055644,33653253.5155696,84343.99377335739,2851396.931723934,1.6573582844732115,0.028860041416394942,0.9797761253440621,,100.0,0.0,0,0,0.2934858032984839,False
622,2025-09-26T20:38:34.796589,20.0,4,False,,1.0,0.006554558610770274,0.043771345020368314,236,63,7.597966605625184,445.82295790149067,16544.347682601463,41.46453053283576,345.71948725463994,1.1865008741219647,0.30429787418325377,0.7020939744431524,,100.0,100.0,0,2,0.006554558610770274,True
628,2025-09-26T20:44:49.756517,20.0,4,False,,1.0,0.03162843858708351,0.03408870644377752,378,0,0.13804998859196851,1.0312867874943186,3806856.8705274146,9540.99466297598,397309.95822752913,0.675572730069986,0.008307709512184019,1.0619589307565045,,100.0,100.0,0,0,0.03162843858708351,False
632,2025-09-26T20:49:03.717416,20.0,5,False,,1.0,0.007008484236860655,0.038575164894022025,261,101,5.433336648741632,82.99265956115786,21673.25588635843,54.31893705854248,1831.3912756916266,1.1396381581185264,0.20792951478614236,0.980271039504421,,100.0,100.0,0,21,0.007008484236860655,True
638,2025-09-26T20:55:19.228275,20.0,4,False,,1.0,0.027801164679129336,0.05920606339616624,111,0,3.6902134214029907,59.871146985487115,45037.56265227071,112.87609687285898,1688.1424167844966,0.7148318925711539,0.1266986549646014,0.931845407799581,,100.0,100.0,0,0,0.027801164679129336,False
639,2025-09-26T20:56:22.952612,20.0,4,False,,1.0,0.05843194987810961,0.06041041184045137,0,0,0.06310331800344654,4.981025683628957,62974.4510486389,157.8307043825536,38166.2012387988,0.32292874756404716,0.0023795879223121132,0.8515485321868221,,100.0,100.0,0,0,0.05843194987810961,False
641,2025-09-26T20:58:27.663882,20.0,6,False,,1.0,0.0,0.021421246418437387,396,178,5.985162382111477,32.37774196240152,29368.324380090562,73.60482300774571,652.256649586921,3.1027078446249168,0.31012534402375014,0.7301790139544407,,100.0,100.0,0,78,0.0,True
643,2025-09-26T21:00:35.068257,20.0,4,False,,1.0,0.023320145787444208,0.16339244744053164,64,0,2.2107073639621984,4.487197886598218,1914306.5987276854,4797.7608990668805,560601.9370916905,2.4830350421788805,0.14820944607884756,0.7664914259712843,,100.0,25.187032418952622,0,0,0.023320145787444208,False
645,2025-09-26T21:02:40.870469,20.0,6,False,,1.0,0.0005513964937940027,0.013640353353058153,391,369,11.282214568825607,42.513543954483346,22371.43963869882,56.06877102430784,514.521775958117,4.140550968894821,0.2576553939899424,0.6728059056913461,,100.0,98.75311720698254,0,135,0.0005513964937940027,True
649,2025-09-26T21:06:51.969155,20.0,4,False,,1.0,0.005266957523012457,0.04781613405210959,213,14,5.230097188536286,15.269112326783,21633.52593459792,54.21936324460635,896.3866483009288,1.4078644597991663,0.2158506901590784,0.8018705096393497,,100.0,100.0,0,3,0.005266957523012457,True
653,2025-09-26T21:11:03.590432,20.0,6,False,,1.0,0.03899026675293703,0.041452723907781,401,0,0.12209907840890503,1.457304650836058,631186.2026644096,1581.9203074295988,147683.87380526343,1.1758485897212134,0.016181743256741467,0.5513140392044908,,100.0,100.0,0,0,0.03899026675293703,False
656,2025-09-26T21:14:12.936051,20.0,5,False,,1.0,0.052982873361179066,0.054644711295738266,0,0,0.16335225581957866,1.301189756496369,221492.1342711145,555.1181310052996,45450.26973456461,0.6788647116075395,0.008739126675643237,0.735829682137286,,100.0,100.0,0,0,0.052982873361179066,False
658,2025-09-26T21:16:19.355223,20.0,4,False,,1.0,0.19500857223283075,0.19500857223283072,0,0,0.12882246847632356,1.0361399451471385,163608.46640214932,410.0462817096474,34508.92264227971,1.4444789785064835,0.022567290598534774,0.5526571571709539,,100.0,0.0,0,0,0.19500857223283075,False
659,2025-09-26T21:17:25.370224,20.0,4,False,,1.0,0.028939042328369278,0.031157121099830116,388,0,0.13820532206673156,1.0230426742499485,3743907.843475446,9383.227677883324,694432.1724213712,0.525097185807342,0.012358977637525984,0.9801993550720901,,100.0,100.0,0,0,0.028939042328369278,False
666,2025-09-26T21:25:01.978732,20.0,6,False,,1.0,0.04074258295957128,0.042291210232574976,369,0,0.15378969199574605,1.1932029759913554,3674945.026753629,9210.388538229645,712132.9852140697,1.1158974556185197,0.021299348539426492,1.113550569781071,,100.0,100.0,0,0,0.04074258295957128,False
670,2025-09-26T21:29:14.169380,20.0,5,False,,1.0,0.039967236804226335,0.059893281332886336,75,0,3.230212546701734,84.09773636091742,23620.363324441376,59.19890557504099,231.6590601768954,0.6287603188602625,0.09976828591219397,0.9476262476536118,,100.0,100.0,0,0,0.039967236804226335,False
672,2025-09-26T21:31:21.302326,20.0,5,False,,1.0,0.01800395981731249,0.043387383742951625,287,2,3.386562674748151,30.549351876362405,31409.323508321348,78.72010904341192,1351.8749049961723,1.133999148598613,0.11950141798246991,0.9050835600324111,,100.0,100.0,0,0,0.01800395981731249,False
674,2025-09-26T21:33:27.261181,20.0,3,False,,1.0,0.02142051090129765,0.0231189398429731,401,0,0.21710967774838077,1.265491257304322,2320295.8866442847,5815.277911389186,296206.3950453899,1.1554548536625413,0.023116007887798228,0.8231974537109408,,100.0,100.0,0,0,0.02142051090129765,False
685,2025-09-26T21:44:59.583190,20.0,4,False,,1.0,0.022821121983868955,0.04551655480235501,398,0,0.25057959618317927,6.372252840279706,197829.0360754901,495.8121204899502,50510.93732575916,1.1231285936403177,0.04748073871887428,0.5222974461825884,,100.0,100.0,0,0,0.022821121983868955,False
686,2025-09-26T21:46:02.634365,20.0,3,False,,1.0,0.17763999981812337,0.17764930286368902,0,0,0.04784279534295757,1.1068321040334113,3052.505507193152,7.650389742338728,2876.755702778057,0.11521263704704643,0.0001243888976024692,0.8956040677645022,,100.0,0.0,0,0,0.17763999981812337,False
696,2025-09-26T21:56:33.980256,20.0,5,False,,1.0,0.0003312668253628783,0.031682160250430726,358,72,2.36620244961686,33.12399457325766,68216.81139661321,170.9694521218376,1560.8640049035334,3.055500353759135,0.29706965444487754,0.44336975500228004,,100.0,100.0,0,9,0.0003312668253628783,True
698,2025-09-26T21:58:38.970773,20.0,2,False,,1.0,0.02760437111436254,0.06503027896627582,118,0,4.1137571375125095,40.965188375595204,25969.53250967931,65.08654764330655,962.3945152599343,0.7855881138817449,0.09395778109703352,0.9914420248095148,,100.0,97.50623441396509,0,0,0.02760437111436254,False
701,2025-09-26T22:01:48.064718,20.0,4,False,,1.0,0.020756431291700513,0.049746292514167206,212,0,4.6450417012736605,15.153619635894625,32729.81240765276,82.0296050317112,1035.5649987906077,1.7598607474551877,0.2338936852204384,0.7991472130477983,,100.0,100.0,0,0,0.020756431291700513,False
706,2025-09-26T22:07:03.178549,20.0,3,False,,1.0,7.624964806430035e-05,0.03710478682810567,287,106,7.904789833587457,68.67305277872167,15030.170031163598,37.66959907559797,661.3657182866586,4.089742131965959,0.32453087602117814,0.9122312478890139,,100.0,100.0,0,49,7.624964806430035e-05,True
710,2025-09-26T22:13:23.944213,20.0,6,False,,1.0,0.00599163076145405,0.03244443726609181,383,5,1.1347611662323907,3.409656818165984,48471.750555507126,121.48308409901536,15519.077767446077,1.2836891234132746,0.06385288734025796,1.0108676573557684,,100.0,100.0,0,2,0.00599163076145405,True
717,2025-09-26T22:20:42.651407,20.0,4,False,,1.0,0.03211880725122467,0.04911305229535232,122,0,0.16117139710664982,1.1998285255283556,156854.38379041516,393.1187563669554,19542.18608822057,0.8163225764071262,0.021285957647564493,0.8336319536184903,,100.0,100.0,0,0,0.03211880725122467,False
723,2025-09-26T22:27:02.141645,20.0,5,False,,1.0,0.051836865880083544,0.05633212506018181,0,0,0.1915111035311008,1.4143586829607777,121918.73833542955,305.56074770784346,22972.34522363818,0.40502366032735704,0.011571016790999828,0.8419583516486037,,100.0,100.0,0,0,0.051836865880083544,False
737,2025-09-26T22:41:43.302595,20.0,6,False,,1.0,0.29202533705361045,0.2920253370536105,0,0,0.00757101678514773,1.155114481121853,355649.1187660308,891.3511748522077,106914.04447634649,5.260000005835988,0.022215538959085315,0.9828720879342546,,100.0,0.0,0,0,0.29202533705361045,False
740,2025-09-26T22:44:52.314184,20.0,6,False,,1.0,0.023202564534813702,0.03470532223232844,401,0,0.19966514196581397,1.841474447557263,375149.5441747416,940.2244214905799,50906.051367924,0.9940227304540156,0.037003070038814964,0.5282082637882919,,100.0,100.0,0,0,0.023202564534813702,False
741,2025-09-26T22:45:56.796631,20.0,4,False,,1.0,0.04177052638884945,0.05218706927035094,7,0,0.1617206275468653,1.101658004535588,837255.2218119662,2098.3840145663307,73095.34497986526,1.1114167241082054,0.015054568432554465,0.893964922064543,,100.0,100.0,0,0,0.04177052638884945,False
743,2025-09-26T22:48:22.429015,20.0,4,False,,1.0,0.21009818146332096,0.2100982514679609,0,0,6.302155682099473e-07,1.000991313267722,0.0,0.0,0.0,8.778317786839462e-07,2.817675931136017e-08,1.0091631031518868,,100.0,0.0,0,0,0.21009818146332096,False
753,2025-09-26T22:59:33.694683,20.0,4,False,,1.0,0.010863512139089157,0.04341537609909637,303,15,3.0087550482332137,20.917415661618573,39736.49381753133,99.59021006900093,1672.921759486614,1.7030394753450624,0.22583280702603717,1.0072981148068882,,100.0,100.0,0,0,0.010863512139089157,False
756,2025-09-26T23:03:49.938312,20.0,3,False,,1.0,0.016648704322046445,0.02309752490559493,401,58,1.4755528044227453,15.759419453236097,130270.4810186751,326.4924336307646,2740.9225111758583,1.2733552819878826,0.14037265361513893,0.7860838604766802,,100.0,100.0,0,0,0.016648704322046445,False
757,2025-09-26T23:04:49.465068,20.0,3,False,,1.0,0.03138369320988251,0.057284162839864795,15,0,0.10546861842681725,1.7209717719909565,113870.8825442071,285.3906830681883,9566.789174990396,0.723411858714503,0.00680634078805594,0.46912375348337154,,100.0,100.0,0,0,0.03138369320988251,False
765,2025-09-26T23:13:50.331936,20.0,2,False,,1.0,0.2772726808731431,0.27727268087314316,0,0,1.809258750545377e-05,1.0000000001869291,0.0,0.0,0.0,1.1119895864553087e-05,1.7966758549284465e-06,0.9092982403750308,,100.0,0.0,0,0,0.2772726808731431,False
768,2025-09-26T23:16:59.423104,20.0,2,False,,1.0,0.33970613599701105,0.3397061359970111,0,0,1.1012253190514918e-08,1.0000000000152542,0.0,0.0,0.0,5.876084507860924e-09,1.6130208103543652e-09,0.6828738997701492,,100.0,0.0,0,0,0.33970613599701105,False
770,2025-09-26T23:19:06.577323,20.0,6,False,,1.0,0.011042695874619446,0.04542881802394263,327,2,1.705200763040466,6.702934038970535,7236465.977971952,18136.506210456017,932167.4639349226,1.760762039201253,0.11244816458929889,0.9416895078573415,,100.0,100.0,0,0,0.011042695874619446,False
771,2025-09-26T23:20:08.555397,20.0,4,False,,1.0,0.2109976072761772,0.2109976072761772,0,0,7.627039042726401e-07,1.000000000157042,0.0,0.0,0.0,1.7052844385016808e-07,3.092236767497425e-08,0.6171676659355919,,100.0,0.0,0,0,0.2109976072761772,False
774,2025-09-26T23:23:20.091410,20.0,6,False,,1.0,0.018908301523965984,0.05927411664729844,61,3,1.4342681207373469,8.653808087149255,260486.26619541165,652.8477849509062,17245.326710155663,1.0145082857279508,0.05646550203142424,0.6974996705997671,,100.0,100.0,0,0,0.018908301523965984,False
775,2025-09-26T23:24:20.703240,20.0,6,False,,1.0,0.019356640167215753,0.05841102009182973,136,1,6.424752827217908,33.31171670265804,19246.88121157265,48.23779752273846,499.9440113161497,2.129488430266366,0.31466861906426535,0.8008964603674769,,100.0,100.0,0,0,0.019356640167215753,False
776,2025-09-26T23:25:24.833550,20.0,3,False,,1.0,0.0030873704508374237,0.08795259042873296,157,62,1.0478793635033758,5.378673176409056,8922865.58324702,22363.071637210578,898917.9675986989,5.2600000001280796,0.12655570226550053,0.5471212890966117,,100.0,62.094763092269325,0,10,0.0030873704508374237,True
791,2025-09-26T23:44:37.840828,20.0,3,False,,1.0,0.2635607961419455,0.26356079614194544,0,0,7.40979718075291e-07,1.000000003530425,0.0,0.0,0.0,1.667372817922702e-07,3.024838134028623e-08,0.8099731180858397,,100.0,0.0,0,0,0.2635607961419455,False
793,2025-09-26T23:46:46.839344,20.0,5,False,,1.0,0.00041928190865365685,0.044951927609570654,279,44,6.069559925022852,18.813076006822538,20420.5341137545,51.17928349311906,966.7740800803851,4.172374665909446,0.2560755124056728,0.8398194451083811,,100.0,97.0074812967581,0,19,0.00041928190865365685,True
799,2025-09-26T23:53:03.325332,20.0,6,False,,1.0,0.0,0.01604017021823098,401,358,2.7837776123041533,14.767889780323943,79364.94503507951,198.9096366793973,2207.077674823156,1.3915106313353391,0.18411097645251817,0.544539204224379,,100.0,100.0,0,51,0.0,True
800,2025-09-26T23:54:05.193565,20.0,4,False,,1.0,1.955586520598053e-05,0.017823071274742305,401,229,3.851110956892357,16.411243528376048,35433.31683350372,88.80530534712705,1276.3225436837206,2.001364167962266,0.23605844748024524,0.8560225820042426,,100.0,100.0,0,122,1.955586520598053e-05,True
803,2025-09-26T23:57:35.402595,20.0,6,False,,1.0,0.021517391340207928,0.04819220260740143,207,0,2.102381635012116,7.171668924482495,131008.51403962851,328.3421404501967,48656.54321000963,1.2393161730047095,0.08547808649642509,1.0676911269838822,,100.0,100.0,0,0,0.021517391340207928,False
806,2025-09-27T00:00:43.150409,20.0,5,False,,1.0,0.018187318337969396,0.039570907986414515,401,3,0.18271196198783612,2.042357011840204,1505169.6473316744,3772.355005843796,132318.3504539012,1.11194634798144,0.01589168038061822,0.7341568717914906,,100.0,100.0,0,0,0.018187318337969396,False
807,2025-09-27T00:01:47.037147,20.0,3,False,,1.0,0.10996211218586618,0.11261352670072275,0,0,0.1768268873383063,1.1126882245947192,88007.22146626172,220.569477359052,11383.23704125861,0.7070946605965688,0.01841993947032255,1.1850704867098454,,100.0,0.0,0,0,0.10996211218586618,False
810,2025-09-27T00:05:14.918338,20.0,2,False,,1.0,0.11073915939957231,0.1206461282541966,0,0,5.109815954417451,444.1254683113129,37470.4854619999,93.91099113283184,4973.4031694310515,0.6458728853305108,0.04719610985013296,0.8343438130063501,,100.0,0.0,0,0,0.11073915939957231,False
819,2025-09-27T00:14:42.314428,20.0,6,False,,1.0,0.049249382670809076,0.06483337281160433,353,0,1.2183666338020553,1.5956775607793414,179360.28143241463,449.5245148682071,172700.38282387797,1.3357418661974385,0.020950299022987853,0.6002190405502855,,100.0,90.27431421446383,0,0,0.049249382670809076,False
821,2025-09-27T00:16:48.398120,20.0,5,False,,1.0,0.03556329809148554,0.06433341513736411,15,0,0.5161948826537863,4.261856867984832,113336.38352510941,284.0510865290962,36402.24503425796,0.5534559348787758,0.016460915310107224,0.9067219954114437,,100.0,100.0,0,0,0.03556329809148554,False
828,2025-09-27T00:24:10.433258,20.0,4,False,,1.0,0.015130208882486767,0.05325805238647313,152,3,4.023993832536394,27.539077840767934,21849.435914593996,54.76049101402007,818.4875538418581,1.1301902684023595,0.16768588638278803,0.8390968644090138,,100.0,100.0,0,0,0.015130208882486767,False
837,2025-09-27T00:33:37.263689,20.0,5,False,,1.0,0.013712315275068105,0.05537162471383962,155,38,5.739192731175978,100.84537947869514,23301.877651525698,58.40069586848548,448.63521786081105,0.7719771826951204,0.18018556008816528,0.550160295898148,,100.0,100.0,0,0,0.013712315275068105,False
838,2025-09-27T00:34:39.707209,20.0,4,False,,1.0,0.017753023850360403,0.060112822637945665,131,3,4.965773742042642,19.581441813926826,19909.942769617162,49.89960593889015,874.2270473389781,1.1159226965919447,0.17277525203484714,0.9370283364054872,,100.0,98.50374064837905,0,0,0.017753023850360403,False
841,2025-09-27T00:37:49.769702,20.0,2,False,,1.0,0.3017796601147899,0.3193051197404075,0,0,0.23782409932128046,1.2262436144271538,3332.880548910716,8.353084082483,3004.5763573931417,0.6747482480353466,0.0023473027160765035,0.8164503706124084,,100.0,0.0,0,0,0.3017796601147899,False
850,2025-09-27T00:47:16.173681,20.0,6,False,,1.0,0.006783805451700598,0.056743414076933514,137,6,3.750225312132,15.302536138472348,26455.176296616355,66.30369999151974,1414.3160213967647,1.689313138156774,0.14088841535394625,0.8961066226301077,,100.0,94.2643391521197,0,3,0.006783805451700598,True
851,2025-09-27T00:48:27.029115,20.0,0,False,,1.0,0.19152943072259676,0.19152943072259673,0,0,0.005271397784989846,1.0000088251393966,293.22664541205864,0.7349038732131797,2.839975366278135,0.00780713075426398,8.970723649865693e-05,1.0847395422194974,,100.0,0.0,0,0,0.19152943072259676,False
854,2025-09-27T00:51:28.335689,20.0,3,False,,1.0,0.0001494516706989846,0.04776042214586743,330,209,8.09343536279631,8.918210763334288,15726.624949434521,39.41510012389605,1017.5827400519096,5.2600000058647725,0.24119128982122331,1.1434984117864668,,100.0,85.286783042394,0,122,0.0001494516706989846,True
859,2025-09-27T00:57:02.290339,20.0,5,False,,1.0,0.04132987186574702,0.04357182709643641,363,0,0.13416983953053768,1.1026603954760408,4773654.279229445,11964.045812605127,438758.02147107286,0.6742271183381892,0.010922178053299706,1.0437069440739466,,100.0,100.0,0,0,0.04132987186574702,False
861,2025-09-27T00:59:26.932071,20.0,6,False,,1.0,0.028233859669628672,0.03717188096953604,401,0,0.12734067490050585,1.1404381440784126,546367.830639936,1369.3429339346767,165494.3655976402,1.003257133309672,0.019319719051892,0.7332303359145586,,100.0,100.0,0,0,0.028233859669628672,False
862,2025-09-27T01:00:48.485136,20.0,5,False,,1.0,0.040266956535694245,0.0439454042257693,365,0,0.13756318959828673,1.029601917937022,2319136.0909778182,5812.371155332878,396996.6687649571,0.5779002196959071,0.010857080764337534,1.096909820735502,,100.0,98.75311720698254,0,0,0.040266956535694245,False
869,2025-09-27T01:08:14.079134,20.0,4,False,,1.0,0.2656423301305021,0.26564532543267894,0,0,0.004324145651282855,1.0000030988535842,153.2320636016684,0.38404025965330446,1.5145559207451762,0.0051566572479718464,3.969138587786799e-05,0.8875981585217672,,100.0,0.0,0,0,0.2656423301305021,False
877,2025-09-27T01:16:33.598668,20.0,5,False,,1.0,0.25638001772812613,0.25638001772812613,0,0,1.8919073493120206e-05,1.0001854469760345,0.0,0.0,0.0,4.418539199378679e-05,4.39741913718532e-07,1.042213588201269,,100.0,0.0,0,0,0.25638001772812613,False
878,2025-09-27T01:17:37.849712,20.0,3,False,,1.0,0.04870640753507429,0.052825888390605404,20,0,0.17068959612606951,1.032558231247671,1964712.7570491582,4924.09212293022,696024.9444107807,0.6920640748654978,0.01885115829694111,1.0762514976817603,,100.0,100.0,0,0,0.04870640753507429,False
879,2025-09-27T01:18:46.994471,20.0,0,False,,1.0,0.1607712255279802,0.16077122552798023,0,0,0.0011421402115151563,1.00000083604374,207.67541605478584,0.5204897645483354,2.8500832958913453,0.002688228164222095,1.9373688344396252e-05,0.6405164345139714,,100.0,0.0,0,0,0.1607712255279802,False
880,2025-09-27T01:19:44.062602,20.0,3,False,,1.0,0.03872756065036176,0.0487498696364416,382,0,0.1988058731611974,1.516834720867847,88566.59514761897,221.97141641007255,60073.69185409262,0.8490696299792249,0.01138143442256754,1.0350699874281881,,100.0,100.0,0,0,0.03872756065036176,False
888,2025-09-27T01:28:08.235136,20.0,4,False,,1.0,0.008311672446382824,0.05072633531491978,214,19,6.292123981181189,62.173227087046385,15700.459930040555,39.34952363418686,673.5450003922515,1.957137814426709,0.22163071228778833,0.9977878348662577,,100.0,100.0,0,2,0.008311672446382824,True
890,2025-09-27T01:30:14.223979,20.0,6,False,,1.0,0.02742684312072506,0.03558936073212428,401,0,0.16088450249926364,1.1576101460706503,575971.8648490097,1443.5385083935078,105138.81035434589,1.3942289933125511,0.01946937779284767,0.7495862833137961,,100.0,100.0,0,0,0.02742684312072506,False
892,2025-09-27T01:32:18.893261,20.0,4,False,,1.0,0.030814933561537708,0.051735294461346316,186,0,4.230503793727207,142.19372946541017,22770.064021108465,57.06782962683828,1090.2220083738596,0.8024349916724325,0.1271919511071109,0.8623308206011056,,100.0,100.0,0,0,0.030814933561537708,False
893,2025-09-27T01:33:22.429012,20.0,6,False,,1.0,0.04969539340801461,0.060034281415684676,2,0,0.05610438026218729,3.9236628707764503,645729.2836218276,1618.3691318842793,584272.1917369192,0.32378707843041793,0.0022249753288330395,0.5221170396856489,,100.0,100.0,0,0,0.04969539340801461,False
895,2025-09-27T01:35:29.434903,20.0,6,False,,1.0,0.011501562628512835,0.04737958392741895,232,19,6.232059984244639,15.267524075231103,14862.154681322378,37.24850797323903,556.605806080146,2.8700096964990114,0.3205900877353404,0.9076126169457834,,100.0,99.75062344139651,0,0,0.011501562628512835,False
899,2025-09-27T01:39:42.777232,20.0,6,False,,1.0,0.02967724943361005,0.03408222064319437,401,0,0.1720539318086257,1.2547420042033348,1805832.812382707,4525.896772888987,206266.0058896603,0.779194087285679,0.014928808838272224,0.9533523161735268,,100.0,100.0,0,0,0.02967724943361005,False
900,2025-09-27T01:40:44.089739,20.0,2,False,,1.0,0.05796128572455698,0.05845358510749052,0,0,0.0640567598649633,1.1054802242038158,149884.6884377805,375.6508482149886,8585.46897940935,0.15757687233430276,0.003614096036652501,0.8038235228930167,,100.0,100.0,0,0,0.05796128572455698,False
903,2025-09-27T01:43:53.309795,20.0,3,False,,1.0,0.009738487998371459,0.015631315582829014,401,401,1.5689831823029097,262.276536624438,147104.38490049515,368.6826689235468,6933.760938144077,3.1002380326303807,0.023036274032928416,0.8815129609226381,,100.0,100.0,0,1,0.009738487998371459,True
905,2025-09-27T01:45:58.803799,20.0,5,False,,1.0,0.031494453946249536,0.06540951844653599,50,0,0.6945638843634883,1.477474854498031,21400.106791750968,53.63435286153125,5806.309728915084,3.063220572796878,0.04636365237482821,0.6788918065253771,,100.0,98.50374064837905,0,0,0.031494453946249536,False
909,2025-09-27T01:50:48.470140,20.0,4,False,,1.0,0.0234224683765139,0.043939841844459204,401,0,0.18280450344443047,1.2569391849817602,51835869.743186936,129914.46050924051,1082720.3358421763,0.963919062822007,0.040732384036436406,0.6321497628664755,,100.0,100.0,0,0,0.0234224683765139,False
912,2025-09-27T01:54:18.860337,20.0,6,False,,1.0,0.037235967279736285,0.0378985968472924,401,0,3.7181830292940794,121.37874453538303,28588.031147531336,71.64920087100596,2466.356568787755,0.811211245810525,0.14480498251582552,0.5957906039652645,,100.0,100.0,0,0,0.037235967279736285,False
913,2025-09-27T01:55:20.813587,20.0,6,False,,1.0,0.0,0.006577499349450389,401,394,11.214918135774845,179.80133386501615,18834.710011023803,47.20478699504711,291.60861897699266,3.9835932608537767,0.34874807928224044,0.9126959638903698,,100.0,100.0,0,309,0.0,True
920,2025-09-27T02:02:42.371547,20.0,2,False,,1.0,0.041328898866549744,0.057198216865905135,38,0,0.7754576838338055,3.2335543016595247,59537.85391297369,149.21767897988389,9846.000223029094,0.5395367791483496,0.023374460808430843,0.7845197275273059,,100.0,100.0,0,0,0.041328898866549744,False
924,2025-09-27T02:06:54.483357,20.0,6,False,,1.0,0.021886789508962078,0.05369896129012238,173,0,2.426890773488024,29.429238085580852,66511.47418934853,166.69542403345497,1834.6950002986282,0.8106395366905992,0.09320067996686583,0.642402867672747,,100.0,100.0,0,0,0.021886789508962078,False
925,2025-09-27T02:07:57.570711,20.0,6,False,,1.0,0.00010529701617562005,0.02389820610778928,401,30,1.0395279706435165,3.2869447447847757,176633.14175086824,442.68957832297804,16451.52426255854,1.556138998184761,0.06379846180700735,0.9639232184638622,,100.0,100.0,0,15,0.00010529701617562005,True
926,2025-09-27T02:09:00.660112,20.0,6,False,,1.0,0.018817518185453064,0.019926647666252368,401,352,0.21721413754142835,1.3332405532006373,681661.3745688815,1708.4244976663704,75694.51148434482,0.7343963014592056,0.016186504484308896,0.8259071740882862,,100.0,100.0,0,0,0.018817518185453064,False
929,2025-09-27T02:12:11.862435,20.0,5,False,,1.0,0.20666165792174354,0.20666222400535603,0,0,0.000682961451997862,6.335140045589586,87617887.69680062,219593.70350075339,1846298.4836063804,0.0409388827583176,0.0005726638028190234,1.0187020645025617,,100.0,0.0,0,0,0.20666165792174354,False
936,2025-09-27T02:20:38.630641,20.0,5,False,,1.0,0.21706051375013802,0.21706051375013802,0,0,1.1004644348896733e-08,1.0000000000138312,0.0,0.0,0.0,9.076830345919329e-05,3.0680414842617423e-07,0.5095057664462685,,100.0,0.0,0,0,0.21706051375013802,False
941,2025-09-27T02:25:50.926626,20.0,6,False,,1.0,0.011043401672108733,0.030462891535997686,401,7,0.27665192407676537,1.5134574464843855,1616439.8962792868,4051.227810223777,99484.13592474276,1.1028594719450844,0.02724820837971597,0.95753417974569,,100.0,100.0,0,0,0.011043401672108733,False
947,2025-09-27T02:32:25.758301,20.0,5,False,,1.0,0.02005398310870985,0.02148662743890403,401,0,0.11422004894955087,1.0355393733116445,1117406.6581307028,2800.5179401772007,97105.27995429565,0.5617184042478728,0.0071264097719344055,1.0921242443159114,,100.0,100.0,0,0,0.02005398310870985,False
